price,currency,country,iso,source,city,district,yr,area_m2,property_type,detail
15200000.0,TWD,Taiwan,TW,tw_real_price,Taipei,內湖區,2024.0,48.33,,
1400000.0,TWD,Taiwan,TW,tw_real_price,Taipei,大安區,2024.0,4.859999999999999,,
300000.0,TWD,Taiwan,TW,tw_real_price,Taipei,信義區,2024.0,,,
11197500.0,TWD,Taiwan,TW,tw_real_price,Taipei,士林區,2024.0,,,
812500.0,TWD,Taiwan,TW,tw_real_price,Taipei,大安區,2024.0,,,
8600000.0,TWD,Taiwan,TW,tw_real_price,Taipei,中山區,2024.0,50.22,,
2400000.0,TWD,Taiwan,TW,tw_real_price,Taipei,大安區,2024.0,20.75,,
1683150.0,TWD,Taiwan,TW,tw_real_price,Taipei,內湖區,2024.0,,,
670000.0,TWD,Taiwan,TW,tw_real_price,Taipei,中山區,2024.0,13.18,,
2600000.0,TWD,Taiwan,TW,tw_real_price,Taipei,大同區,2024.0,38.92,,
532500.0,TWD,Taiwan,TW,tw_real_price,Taipei,松山區,2024.0,,,
2300000.0,TWD,Taiwan,TW,tw_real_price,Taipei,萬華區,2024.0,25.94,,
1340000.0,TWD,Taiwan,TW,tw_real_price,Taipei,中山區,2024.0,26.369999999999997,,
1950000.0,TWD,Taiwan,TW,tw_real_price,Taipei,信義區,2024.0,26.5,,
12800000.0,TWD,Taiwan,TW,tw_real_price,Taipei,中正區,2024.0,81.81,,
6200000.0,TWD,Taiwan,TW,tw_real_price,Taipei,文山區,2024.0,,,
46600000.0,TWD,Taiwan,TW,tw_real_price,Taipei,萬華區,2024.0,236.61,,
40000000.0,TWD,Taiwan,TW,tw_real_price,Taipei,內湖區,2024.0,352.5,,
19113.0,TWD,Taiwan,TW,tw_real_price,Taipei,士林區,2024.0,,,
6604080.0,TWD,Taiwan,TW,tw_real_price,Taipei,北投區,2024.0,,,
21476000.0,TWD,Taiwan,TW,tw_real_price,Taipei,中正區,2024.0,99.09,,
3336500.0,TWD,Taiwan,TW,tw_real_price,Taipei,大同區,2024.0,,,
5800000.0,TWD,Taiwan,TW,tw_real_price,Taipei,大同區,2024.0,61.39,,
2700000.0,TWD,Taiwan,TW,tw_real_price,Taipei,中正區,2024.0,41.42,,
5960000.0,TWD,Taiwan,TW,tw_real_price,Taipei,中山區,2024.0,39.75,,
24000000.0,TWD,Taiwan,TW,tw_real_price,Taipei,信義區,2024.0,73.87,,
54160000.0,TWD,Taiwan,TW,tw_real_price,Taipei,南港區,2024.0,222.21,,
9000000.0,TWD,Taiwan,TW,tw_real_price,Taipei,北投區,2024.0,49.77,,
2070000.0,TWD,Taiwan,TW,tw_real_price,Taipei,內湖區,2024.0,,,
15000000.0,TWD,Taiwan,TW,tw_real_price,Taipei,中山區,2024.0,79.24,,
1820750.0,TWD,Taiwan,TW,tw_real_price,Taipei,士林區,2024.0,,,
2300000.0,TWD,Taiwan,TW,tw_real_price,Taipei,中山區,2024.0,,,
6000000.0,TWD,Taiwan,TW,tw_real_price,Taipei,大安區,2024.0,25.779999999999998,,
19000000.0,TWD,Taiwan,TW,tw_real_price,Taipei,內湖區,2024.0,106.08,,
2650000.0,TWD,Taiwan,TW,tw_real_price,Taipei,信義區,2024.0,32.68000000000001,,
7100000.0,TWD,Taiwan,TW,tw_real_price,Taipei,士林區,2024.0,26.909999999999997,,
9438833.0,TWD,Taiwan,TW,tw_real_price,Taipei,士林區,2024.0,,,
1530760.0,TWD,Taiwan,TW,tw_real_price,Taipei,大安區,2024.0,,,
650000.0,TWD,Taiwan,TW,tw_real_price,Taipei,文山區,2024.0,18.18,,
20880000.0,TWD,Taiwan,TW,tw_real_price,Taipei,內湖區,2024.0,83.22,,
20000000.0,TWD,Taiwan,TW,tw_real_price,Taipei,松山區,2024.0,96.52,,
80000.0,TWD,Taiwan,TW,tw_real_price,Taipei,士林區,2024.0,,,
18500000.0,TWD,Taiwan,TW,tw_real_price,Taipei,士林區,2024.0,,,
5343600.0,TWD,Taiwan,TW,tw_real_price,Taipei,北投區,2024.0,113.4,,
5512427.0,TWD,Taiwan,TW,tw_real_price,Taipei,北投區,2024.0,,,
4989867.0,TWD,Taiwan,TW,tw_real_price,Taipei,北投區,2024.0,,,
2500000.0,TWD,Taiwan,TW,tw_real_price,Taipei,內湖區,2024.0,34.53,,
58600000.0,TWD,Taiwan,TW,tw_real_price,Taipei,松山區,2024.0,211.53,,
98000.0,TWD,Taiwan,TW,tw_real_price,Taipei,大安區,2024.0,,,
2880000.0,TWD,Taiwan,TW,tw_real_price,Taipei,中正區,2024.0,40.97,,
695000.0,TWD,Taiwan,TW,tw_real_price,Taipei,文山區,2024.0,,,
11300000.0,TWD,Taiwan,TW,tw_real_price,Taipei,內湖區,2024.0,46.589999999999996,,
57346.0,TWD,Taiwan,TW,tw_real_price,Taipei,士林區,2024.0,,,
23891.0,TWD,Taiwan,TW,tw_real_price,Taipei,士林區,2024.0,,,
21502.0,TWD,Taiwan,TW,tw_real_price,Taipei,士林區,2024.0,,,
3200000.0,TWD,Taiwan,TW,tw_real_price,Taipei,士林區,2024.0,52.47,,
400000.0,TWD,Taiwan,TW,tw_real_price,Taipei,文山區,2024.0,,,
7600000.0,TWD,Taiwan,TW,tw_real_price,Taipei,中正區,2024.0,32.58,,
1100000.0,TWD,Taiwan,TW,tw_real_price,Taipei,內湖區,2024.0,24.98,,
10000.0,TWD,Taiwan,TW,tw_real_price,Taipei,內湖區,2024.0,,,
2700000.0,TWD,Taiwan,TW,tw_real_price,Taipei,內湖區,2024.0,36.629999999999995,,
330897800.0,TWD,Taiwan,TW,tw_real_price,Taipei,南港區,2024.0,,,
16880000.0,TWD,Taiwan,TW,tw_real_price,Taipei,南港區,2024.0,50.44,,
6625000.0,TWD,Taiwan,TW,tw_real_price,Taipei,士林區,2024.0,,,
16200000.0,TWD,Taiwan,TW,tw_real_price,Taipei,北投區,2024.0,84.64,,
4635000.0,TWD,Taiwan,TW,tw_real_price,Taipei,大同區,2024.0,,,
55800000.0,TWD,Taiwan,TW,tw_real_price,Taipei,中山區,2024.0,236.52,,
292000.0,TWD,Taiwan,TW,tw_real_price,Taipei,北投區,2024.0,,,
106400.0,TWD,Taiwan,TW,tw_real_price,Taipei,北投區,2024.0,,,
4000000.0,TWD,Taiwan,TW,tw_real_price,Taipei,北投區,2024.0,43.94,,
110880.0,TWD,Taiwan,TW,tw_real_price,Taipei,文山區,2024.0,,,
7500000.0,TWD,Taiwan,TW,tw_real_price,Taipei,大同區,2024.0,32.879999999999995,,
1600000.0,TWD,Taiwan,TW,tw_real_price,Taipei,中山區,2024.0,36.64,,
21500000.0,TWD,Taiwan,TW,tw_real_price,Taipei,內湖區,2024.0,122.64,,
4850000.0,TWD,Taiwan,TW,tw_real_price,Taipei,內湖區,2024.0,73.53999999999999,,
139833.0,TWD,Taiwan,TW,tw_real_price,Taipei,內湖區,2024.0,,,
139833.0,TWD,Taiwan,TW,tw_real_price,Taipei,內湖區,2024.0,,,
262451.0,TWD,Taiwan,TW,tw_real_price,Taipei,內湖區,2024.0,,,
450000.0,TWD,Taiwan,TW,tw_real_price,Taipei,內湖區,2024.0,,,
3000000.0,TWD,Taiwan,TW,tw_real_price,Taipei,信義區,2024.0,40.03,,
41000000.0,TWD,Taiwan,TW,tw_real_price,Taipei,南港區,2024.0,158.10000000000002,,
33427100.0,TWD,Taiwan,TW,tw_real_price,Taipei,北投區,2024.0,,,
9200000.0,TWD,Taiwan,TW,tw_real_price,Taipei,北投區,2024.0,88.86,,
33680000.0,TWD,Taiwan,TW,tw_real_price,Taipei,大安區,2024.0,109.58,,
15000000.0,TWD,Taiwan,TW,tw_real_price,Taipei,大同區,2024.0,58.74,,
23200000.0,TWD,Taiwan,TW,tw_real_price,Taipei,中山區,2024.0,145.25,,
16200000.0,TWD,Taiwan,TW,tw_real_price,Taipei,松山區,2024.0,34.05,,
926.0,TWD,Taiwan,TW,tw_real_price,Taipei,北投區,2024.0,,,
13500000.0,TWD,Taiwan,TW,tw_real_price,Taipei,北投區,2024.0,106.3,,
1750000.0,TWD,Taiwan,TW,tw_real_price,Taipei,中正區,2024.0,18.28,,
17500000.0,TWD,Taiwan,TW,tw_real_price,Taipei,萬華區,2024.0,109.96,,
1900000.0,TWD,Taiwan,TW,tw_real_price,Taipei,內湖區,2024.0,40.0,,
808000.0,TWD,Taiwan,TW,tw_real_price,Taipei,內湖區,2024.0,,,
10700000.0,TWD,Taiwan,TW,tw_real_price,Taipei,中山區,2024.0,38.25,,
1600000.0,TWD,Taiwan,TW,tw_real_price,Taipei,中山區,2024.0,8.6,,
3700000.0,TWD,Taiwan,TW,tw_real_price,Taipei,松山區,2024.0,47.96,,
42000000.0,TWD,Taiwan,TW,tw_real_price,Taipei,南港區,2024.0,162.03,,
2300000.0,TWD,Taiwan,TW,tw_real_price,Taipei,松山區,2024.0,35.22,,
12705000.0,TWD,Taiwan,TW,tw_real_price,Taipei,士林區,2024.0,62.04,,
61000000.0,TWD,Taiwan,TW,tw_real_price,Taipei,北投區,2024.0,216.63,,
300000.0,TWD,Taiwan,TW,tw_real_price,Taipei,萬華區,2024.0,,,
2800000.0,TWD,Taiwan,TW,tw_real_price,Taipei,中山區,2024.0,16.59,,
1890000.0,TWD,Taiwan,TW,tw_real_price,Taipei,中正區,2024.0,28.29,,
2400000.0,TWD,Taiwan,TW,tw_real_price,Taipei,北投區,2024.0,,,
30880000.0,TWD,Taiwan,TW,tw_real_price,Taipei,萬華區,2024.0,149.89,,
21424000.0,TWD,Taiwan,TW,tw_real_price,Taipei,中山區,2024.0,,,
23794000.0,TWD,Taiwan,TW,tw_real_price,Taipei,中山區,2024.0,,,
2000000.0,TWD,Taiwan,TW,tw_real_price,Taipei,中正區,2024.0,14.77,,
12449000.0,TWD,Taiwan,TW,tw_real_price,Taipei,南港區,2024.0,,,
700000.0,TWD,Taiwan,TW,tw_real_price,Taipei,大安區,2024.0,,,
288585.0,TWD,Taiwan,TW,tw_real_price,Taipei,南港區,2024.0,,,
20000000.0,TWD,Taiwan,TW,tw_real_price,Taipei,松山區,2024.0,79.7,,
5080800.0,TWD,Taiwan,TW,tw_real_price,Taipei,萬華區,2024.0,,,
12000000.0,TWD,Taiwan,TW,tw_real_price,Taipei,中山區,2024.0,52.94,,
3300000.0,TWD,Taiwan,TW,tw_real_price,Taipei,中山區,2024.0,33.22,,
2000000.0,TWD,Taiwan,TW,tw_real_price,Taipei,中山區,2024.0,30.79,,
486812.0,TWD,Taiwan,TW,tw_real_price,Taipei,松山區,2024.0,,,
67000000.0,TWD,Taiwan,TW,tw_real_price,Taipei,士林區,2024.0,,,
2950000.0,TWD,Taiwan,TW,tw_real_price,Taipei,士林區,2024.0,36.830000000000005,,
7330000.0,TWD,Taiwan,TW,tw_real_price,Taipei,士林區,2024.0,58.48,,
668400.0,TWD,Taiwan,TW,tw_real_price,Taipei,大安區,2024.0,,,
12994688.0,TWD,Taiwan,TW,tw_real_price,Taipei,大安區,2024.0,,,
1050000.0,TWD,Taiwan,TW,tw_real_price,Taipei,大安區,2024.0,17.69,,
277500.0,TWD,Taiwan,TW,tw_real_price,Taipei,文山區,2024.0,,,
277500.0,TWD,Taiwan,TW,tw_real_price,Taipei,文山區,2024.0,,,
277500.0,TWD,Taiwan,TW,tw_real_price,Taipei,文山區,2024.0,,,
277500.0,TWD,Taiwan,TW,tw_real_price,Taipei,文山區,2024.0,,,
139000.0,TWD,Taiwan,TW,tw_real_price,Taipei,文山區,2024.0,,,
139000.0,TWD,Taiwan,TW,tw_real_price,Taipei,文山區,2024.0,,,
19540481.0,TWD,Taiwan,TW,tw_real_price,Taipei,內湖區,2024.0,,,
3908096.0,TWD,Taiwan,TW,tw_real_price,Taipei,內湖區,2024.0,,,
3908096.0,TWD,Taiwan,TW,tw_real_price,Taipei,內湖區,2024.0,,,
619954.0,TWD,Taiwan,TW,tw_real_price,Taipei,內湖區,2024.0,,,
51332448.0,TWD,Taiwan,TW,tw_real_price,Taipei,內湖區,2024.0,,,
3908096.0,TWD,Taiwan,TW,tw_real_price,Taipei,內湖區,2024.0,,,
684600.0,TWD,Taiwan,TW,tw_real_price,Taipei,士林區,2024.0,,,
133308.0,TWD,Taiwan,TW,tw_real_price,Taipei,士林區,2024.0,,,
210240.0,TWD,Taiwan,TW,tw_real_price,Taipei,士林區,2024.0,,,
12994688.0,TWD,Taiwan,TW,tw_real_price,Taipei,大安區,2024.0,,,
12994688.0,TWD,Taiwan,TW,tw_real_price,Taipei,大安區,2024.0,,,
8980000.0,TWD,Taiwan,TW,tw_real_price,Taipei,大同區,2024.0,46.65,,
1497900.0,TWD,Taiwan,TW,tw_real_price,Taipei,中正區,2024.0,,,
7000000.0,TWD,Taiwan,TW,tw_real_price,Taipei,大同區,2024.0,,,
664950.0,TWD,Taiwan,TW,tw_real_price,Taipei,松山區,2024.0,,,
236560.0,TWD,Taiwan,TW,tw_real_price,Taipei,信義區,2024.0,,,
2002000.0,TWD,Taiwan,TW,tw_real_price,Taipei,北投區,2024.0,,,
7500000.0,TWD,Taiwan,TW,tw_real_price,Taipei,北投區,2024.0,55.94,,
1000000.0,TWD,Taiwan,TW,tw_real_price,Taipei,士林區,2024.0,,,
482300.0,TWD,Taiwan,TW,tw_real_price,Taipei,大安區,2024.0,,,
2500000.0,TWD,Taiwan,TW,tw_real_price,Taipei,大同區,2024.0,,,
35.0,TWD,Taiwan,TW,tw_real_price,Taipei,萬華區,2024.0,,,
11400000.0,TWD,Taiwan,TW,tw_real_price,Taipei,信義區,2024.0,65.62,,
685000.0,TWD,Taiwan,TW,tw_real_price,Taipei,士林區,2024.0,,,
525000.0,TWD,Taiwan,TW,tw_real_price,Taipei,士林區,2024.0,,,
544500.0,TWD,Taiwan,TW,tw_real_price,Taipei,大同區,2024.0,,,
1235000.0,TWD,Taiwan,TW,tw_real_price,Taipei,中山區,2024.0,,,
1219752.0,TWD,Taiwan,TW,tw_real_price,Taipei,中山區,2024.0,,,
724214.0,TWD,Taiwan,TW,tw_real_price,Taipei,中山區,2024.0,,,
18021539.0,TWD,Taiwan,TW,tw_real_price,Taipei,中山區,2024.0,,,
10104350.0,TWD,Taiwan,TW,tw_real_price,Taipei,中山區,2024.0,129.34,,
17066000.0,TWD,Taiwan,TW,tw_real_price,Taipei,松山區,2024.0,70.21000000000001,,
12449000.0,TWD,Taiwan,TW,tw_real_price,Taipei,南港區,2024.0,,,
12449000.0,TWD,Taiwan,TW,tw_real_price,Taipei,南港區,2024.0,,,
11360000.0,TWD,Taiwan,TW,tw_real_price,Taipei,萬華區,2024.0,67.84,,
2200000.0,TWD,Taiwan,TW,tw_real_price,Taipei,內湖區,2024.0,36.69,,
400000.0,TWD,Taiwan,TW,tw_real_price,Taipei,松山區,2024.0,,,
38880000.0,TWD,Taiwan,TW,tw_real_price,Taipei,北投區,2024.0,270.04,,
1023194.0,TWD,Taiwan,TW,tw_real_price,Taipei,信義區,2024.0,,,
3887400.0,TWD,Taiwan,TW,tw_real_price,Taipei,信義區,2024.0,,,
333450.0,TWD,Taiwan,TW,tw_real_price,Taipei,信義區,2024.0,,,
14000000.0,TWD,Taiwan,TW,tw_real_price,Taipei,文山區,2024.0,99.62,,
950000.0,TWD,Taiwan,TW,tw_real_price,Taipei,中山區,2024.0,20.040000000000003,,
112000000.0,TWD,Taiwan,TW,tw_real_price,Taipei,中正區,2024.0,444.6,,
12500000.0,TWD,Taiwan,TW,tw_real_price,Taipei,大同區,2024.0,40.75,,
30000000.0,TWD,Taiwan,TW,tw_real_price,Taipei,中正區,2024.0,129.5,,
1200000.0,TWD,Taiwan,TW,tw_real_price,Taipei,萬華區,2024.0,19.57,,
4500000.0,TWD,Taiwan,TW,tw_real_price,Taipei,內湖區,2024.0,92.01,,
4500000.0,TWD,Taiwan,TW,tw_real_price,Taipei,內湖區,2024.0,92.01,,
726600.0,TWD,Taiwan,TW,tw_real_price,Taipei,信義區,2024.0,,,
1000000.0,TWD,Taiwan,TW,tw_real_price,Taipei,信義區,2024.0,14.870000000000001,,
164000000.0,TWD,Taiwan,TW,tw_real_price,Taipei,北投區,2024.0,198.3,,
16000000.0,TWD,Taiwan,TW,tw_real_price,Taipei,北投區,2024.0,97.53999999999999,,
6000000.0,TWD,Taiwan,TW,tw_real_price,Taipei,大安區,2024.0,39.010000000000005,,
3000000.0,TWD,Taiwan,TW,tw_real_price,Taipei,大同區,2024.0,19.39,,
950000.0,TWD,Taiwan,TW,tw_real_price,Taipei,信義區,2024.0,,,
14707000.0,TWD,Taiwan,TW,tw_real_price,Taipei,內湖區,2024.0,,,
14500000.0,TWD,Taiwan,TW,tw_real_price,Taipei,中山區,2024.0,49.58,,
6000000.0,TWD,Taiwan,TW,tw_real_price,Taipei,中山區,2024.0,36.989999999999995,,
2050000.0,TWD,Taiwan,TW,tw_real_price,Taipei,內湖區,2024.0,49.35,,
636900000.0,TWD,Taiwan,TW,tw_real_price,Taipei,南港區,2024.0,,,
2300000.0,TWD,Taiwan,TW,tw_real_price,Taipei,松山區,2024.0,44.989999999999995,,
8600000.0,TWD,Taiwan,TW,tw_real_price,Taipei,北投區,2024.0,79.0,,
16180000.0,TWD,Taiwan,TW,tw_real_price,Taipei,士林區,2024.0,65.44,,
6000000.0,TWD,Taiwan,TW,tw_real_price,Taipei,中正區,2024.0,14.35,,
19000000.0,TWD,Taiwan,TW,tw_real_price,Taipei,內湖區,2024.0,94.8,,
2600000.0,TWD,Taiwan,TW,tw_real_price,Taipei,南港區,2024.0,30.8,,
16750000.0,TWD,Taiwan,TW,tw_real_price,Taipei,南港區,2024.0,79.46000000000001,,
7200000.0,TWD,Taiwan,TW,tw_real_price,Taipei,南港區,2024.0,100.81,,
13000000.0,TWD,Taiwan,TW,tw_real_price,Taipei,信義區,2024.0,50.48,,
16800000.0,TWD,Taiwan,TW,tw_real_price,Taipei,北投區,2024.0,98.49000000000001,,
680000.0,TWD,Taiwan,TW,tw_real_price,Taipei,南港區,2024.0,24.62,,
3300000.0,TWD,Taiwan,TW,tw_real_price,Taipei,士林區,2024.0,17.32,,
133200.0,TWD,Taiwan,TW,tw_real_price,Taipei,大安區,2024.0,,,
38100000.0,TWD,Taiwan,TW,tw_real_price,Taipei,信義區,2024.0,99.46,,
32800000.0,TWD,Taiwan,TW,tw_real_price,Taipei,松山區,2024.0,165.43,,
9975000.0,TWD,Taiwan,TW,tw_real_price,Taipei,文山區,2024.0,,,
1276664.0,TWD,Taiwan,TW,tw_real_price,Taipei,萬華區,2024.0,,,
18000000.0,TWD,Taiwan,TW,tw_real_price,Taipei,信義區,2024.0,42.57,,
634500.0,TWD,Taiwan,TW,tw_real_price,Taipei,內湖區,2024.0,,,
13200000.0,TWD,Taiwan,TW,tw_real_price,Taipei,萬華區,2024.0,72.49000000000001,,
19080000.0,TWD,Taiwan,TW,tw_real_price,Taipei,內湖區,2024.0,101.89,,
4620000.0,TWD,Taiwan,TW,tw_real_price,Taipei,大同區,2024.0,10.559999999999999,,
6960178.0,TWD,Taiwan,TW,tw_real_price,Taipei,信義區,2024.0,,,
6569898.0,TWD,Taiwan,TW,tw_real_price,Taipei,信義區,2024.0,,,
9880000.0,TWD,Taiwan,TW,tw_real_price,Taipei,大同區,2024.0,61.900000000000006,,
2440000.0,TWD,Taiwan,TW,tw_real_price,Taipei,萬華區,2024.0,16.92,,
1400000.0,TWD,Taiwan,TW,tw_real_price,Taipei,松山區,2024.0,12.46,,
600000.0,TWD,Taiwan,TW,tw_real_price,Taipei,北投區,2024.0,,,
12680000.0,TWD,Taiwan,TW,tw_real_price,Taipei,大安區,2024.0,37.56,,
11000000.0,TWD,Taiwan,TW,tw_real_price,Taipei,文山區,2024.0,138.06,,
500000.0,TWD,Taiwan,TW,tw_real_price,Taipei,中山區,2024.0,20.9,,
2450000.0,TWD,Taiwan,TW,tw_real_price,Taipei,北投區,2024.0,13.49,,
1050000.0,TWD,Taiwan,TW,tw_real_price,Taipei,大安區,2024.0,9.940000000000001,,
19200000.0,TWD,Taiwan,TW,tw_real_price,Taipei,松山區,2024.0,82.33,,
5890000.0,TWD,Taiwan,TW,tw_real_price,Taipei,北投區,2024.0,31.48,,
1300000.0,TWD,Taiwan,TW,tw_real_price,Taipei,北投區,2024.0,,,
2100000.0,TWD,Taiwan,TW,tw_real_price,Taipei,大安區,2024.0,19.87,,
17000000.0,TWD,Taiwan,TW,tw_real_price,Taipei,文山區,2024.0,91.83,,
6000000.0,TWD,Taiwan,TW,tw_real_price,Taipei,萬華區,2024.0,,,
23300000.0,TWD,Taiwan,TW,tw_real_price,Taipei,中正區,2024.0,81.46,,
3600000.0,TWD,Taiwan,TW,tw_real_price,Taipei,中山區,2024.0,39.5,,
2101097.0,TWD,Taiwan,TW,tw_real_price,Taipei,內湖區,2024.0,,,
1447200.0,TWD,Taiwan,TW,tw_real_price,Taipei,士林區,2024.0,,,
35000000.0,TWD,Taiwan,TW,tw_real_price,Taipei,松山區,2024.0,56.67,,
12000000.0,TWD,Taiwan,TW,tw_real_price,Taipei,文山區,2024.0,63.25,,
3860000.0,TWD,Taiwan,TW,tw_real_price,Taipei,萬華區,2024.0,32.92,,
10000000.0,TWD,Taiwan,TW,tw_real_price,Taipei,中山區,2024.0,48.9,,
4100000.0,TWD,Taiwan,TW,tw_real_price,Taipei,內湖區,2024.0,47.129999999999995,,
2630000.0,TWD,Taiwan,TW,tw_real_price,Taipei,松山區,2024.0,22.95,,
5800000.0,TWD,Taiwan,TW,tw_real_price,Taipei,士林區,2024.0,,,
100000.0,TWD,Taiwan,TW,tw_real_price,Taipei,士林區,2024.0,,,
100000.0,TWD,Taiwan,TW,tw_real_price,Taipei,士林區,2024.0,,,
3980000.0,TWD,Taiwan,TW,tw_real_price,Taipei,北投區,2024.0,38.230000000000004,,
1550000.0,TWD,Taiwan,TW,tw_real_price,Taipei,中正區,2024.0,10.0,,
4300000.0,TWD,Taiwan,TW,tw_real_price,Taipei,萬華區,2024.0,40.35,,
2000000.0,TWD,Taiwan,TW,tw_real_price,Taipei,內湖區,2024.0,39.05,,
1580000.0,TWD,Taiwan,TW,tw_real_price,Taipei,內湖區,2024.0,46.919999999999995,,
1850000.0,TWD,Taiwan,TW,tw_real_price,Taipei,松山區,2024.0,18.0,,
30490000.0,TWD,Taiwan,TW,tw_real_price,Taipei,信義區,2024.0,92.88,,
5000000.0,TWD,Taiwan,TW,tw_real_price,Taipei,萬華區,2024.0,31.18,,
6000000.0,TWD,Taiwan,TW,tw_real_price,Taipei,士林區,2024.0,,,
1500000.0,TWD,Taiwan,TW,tw_real_price,Taipei,大安區,2024.0,1.19,,
2700000.0,TWD,Taiwan,TW,tw_real_price,Taipei,文山區,2024.0,41.16,,
3800000.0,TWD,Taiwan,TW,tw_real_price,Taipei,中山區,2024.0,52.29,,
2600000.0,TWD,Taiwan,TW,tw_real_price,Taipei,信義區,2024.0,44.65,,
26000000.0,TWD,Taiwan,TW,tw_real_price,Taipei,信義區,2024.0,99.57,,
44380000.0,TWD,Taiwan,TW,tw_real_price,Taipei,信義區,2024.0,152.82,,
2180000.0,TWD,Taiwan,TW,tw_real_price,Taipei,南港區,2024.0,39.83,,
3150000.0,TWD,Taiwan,TW,tw_real_price,Taipei,士林區,2024.0,44.93,,
1450000.0,TWD,Taiwan,TW,tw_real_price,Taipei,大同區,2024.0,14.99,,
12142000.0,TWD,Taiwan,TW,tw_real_price,Taipei,大同區,2024.0,61.75,,
450000.0,TWD,Taiwan,TW,tw_real_price,Taipei,大同區,2024.0,,,
2080000.0,TWD,Taiwan,TW,tw_real_price,Taipei,中山區,2024.0,27.41,,
12400000.0,TWD,Taiwan,TW,tw_real_price,Taipei,中正區,2024.0,43.21,,
11180000.0,TWD,Taiwan,TW,tw_real_price,Taipei,內湖區,2024.0,62.589999999999996,,
38800000.0,TWD,Taiwan,TW,tw_real_price,Taipei,內湖區,2024.0,294.62,,
19500000.0,TWD,Taiwan,TW,tw_real_price,Taipei,信義區,2024.0,101.35,,
151730.0,TWD,Taiwan,TW,tw_real_price,Taipei,文山區,2024.0,,,
11500000.0,TWD,Taiwan,TW,tw_real_price,Taipei,萬華區,2024.0,51.230000000000004,,
17000000.0,TWD,Taiwan,TW,tw_real_price,Taipei,中正區,2024.0,42.769999999999996,,
30800000.0,TWD,Taiwan,TW,tw_real_price,Taipei,中山區,2024.0,145.37,,
28300000.0,TWD,Taiwan,TW,tw_real_price,Taipei,內湖區,2024.0,132.07,,
16680000.0,TWD,Taiwan,TW,tw_real_price,Taipei,內湖區,2024.0,99.54,,
10000000.0,TWD,Taiwan,TW,tw_real_price,Taipei,士林區,2024.0,71.63,,
31580000.0,TWD,Taiwan,TW,tw_real_price,Taipei,北投區,2024.0,146.09,,
4497270.0,TWD,Taiwan,TW,tw_real_price,Taipei,大安區,2024.0,,,
13800000.0,TWD,Taiwan,TW,tw_real_price,Taipei,大安區,2024.0,48.06,,
20000000.0,TWD,Taiwan,TW,tw_real_price,Taipei,萬華區,2024.0,108.28,,
61000000.0,TWD,Taiwan,TW,tw_real_price,Taipei,大同區,2024.0,108.7,,
10500000.0,TWD,Taiwan,TW,tw_real_price,Taipei,中山區,2024.0,43.96,,
700000.0,TWD,Taiwan,TW,tw_real_price,Taipei,中山區,2024.0,20.9,,
10000.0,TWD,Taiwan,TW,tw_real_price,Taipei,內湖區,2024.0,,,
27780000.0,TWD,Taiwan,TW,tw_real_price,Taipei,松山區,2024.0,68.28,,
21800000.0,TWD,Taiwan,TW,tw_real_price,Taipei,南港區,2024.0,124.1,,
21900000.0,TWD,Taiwan,TW,tw_real_price,Taipei,北投區,2024.0,166.17,,
5000000.0,TWD,Taiwan,TW,tw_real_price,Taipei,文山區,2024.0,39.39,,
28500000.0,TWD,Taiwan,TW,tw_real_price,Taipei,文山區,2024.0,242.6,,
28200000.0,TWD,Taiwan,TW,tw_real_price,Taipei,中山區,2024.0,137.79,,
13130000.0,TWD,Taiwan,TW,tw_real_price,Taipei,中山區,2024.0,46.81,,
10000000.0,TWD,Taiwan,TW,tw_real_price,Taipei,中山區,2024.0,48.44,,
11000000.0,TWD,Taiwan,TW,tw_real_price,Taipei,內湖區,2024.0,47.85,,
21380000.0,TWD,Taiwan,TW,tw_real_price,Taipei,內湖區,2024.0,100.42,,
58660000.0,TWD,Taiwan,TW,tw_real_price,Taipei,南港區,2024.0,253.89999999999998,,
30800000.0,TWD,Taiwan,TW,tw_real_price,Taipei,松山區,2024.0,126.99,,
30200000.0,TWD,Taiwan,TW,tw_real_price,Taipei,松山區,2024.0,120.24000000000001,,
3060000.0,TWD,Taiwan,TW,tw_real_price,Taipei,信義區,2024.0,40.08,,
68000000.0,TWD,Taiwan,TW,tw_real_price,Taipei,士林區,2024.0,304.02,,
4490000.0,TWD,Taiwan,TW,tw_real_price,Taipei,士林區,2024.0,48.21,,
630.0,TWD,Taiwan,TW,tw_real_price,Taipei,萬華區,2024.0,,,
15097000.0,TWD,Taiwan,TW,tw_real_price,Taipei,萬華區,2024.0,95.08000000000001,,
4482.0,QAR,Qatar,QA,qa_data_gov,,,2016.0,,Commercial,Emirati
49689.0,QAR,Qatar,QA,qa_data_gov,,,2016.0,,Private residential,Emirati
,QAR,Qatar,QA,qa_data_gov,,,2019.0,,Administrative,Bahraini
5242.0,QAR,Qatar,QA,qa_data_gov,,,2016.0,,Administrative,Bahraini
2862.0,QAR,Qatar,QA,qa_data_gov,,,2018.0,,Commercial,Bahraini
,QAR,Qatar,QA,qa_data_gov,,,2019.0,,Investment housing,Bahraini
,QAR,Qatar,QA,qa_data_gov,,,2016.0,,Investment housing,Bahraini
22862.0,QAR,Qatar,QA,qa_data_gov,,,2018.0,,Private residential,Bahraini
25283.0,QAR,Qatar,QA,qa_data_gov,,,2018.0,,Private residential,Saudi
,QAR,Qatar,QA,qa_data_gov,,,2016.0,,Commercial,Omani
6706.0,QAR,Qatar,QA,qa_data_gov,,,2020.0,,Private residential,Omani
,QAR,Qatar,QA,qa_data_gov,,,2018.0,,Commercial,Kuwaiti
,QAR,Qatar,QA,qa_data_gov,,,2019.0,,Investment housing,Kuwaiti
9284.0,QAR,Qatar,QA,qa_data_gov,,,2020.0,,Other,Bahraini
1468.0,QAR,Qatar,QA,qa_data_gov,,,2019.0,,Administrative,Emirati
56565.0,QAR,Qatar,QA,qa_data_gov,,,2017.0,,Private residential,Emirati
,QAR,Qatar,QA,qa_data_gov,,,2020.0,,Commercial,Bahraini
,QAR,Qatar,QA,qa_data_gov,,,2016.0,,Commercial,Bahraini
36039.0,QAR,Qatar,QA,qa_data_gov,,,2016.0,,Private residential,Bahraini
25023.0,QAR,Qatar,QA,qa_data_gov,,,2019.0,,Other,Saudi
117148.0,QAR,Qatar,QA,qa_data_gov,,,2017.0,,Private residential,Saudi
747.0,QAR,Qatar,QA,qa_data_gov,,,2020.0,,Other,Omani
,QAR,Qatar,QA,qa_data_gov,,,2020.0,,Administrative,Omani
,QAR,Qatar,QA,qa_data_gov,,,2019.0,,Administrative,Omani
,QAR,Qatar,QA,qa_data_gov,,,2017.0,,Administrative,Omani
,QAR,Qatar,QA,qa_data_gov,,,2018.0,,Commercial,Omani
7232.0,QAR,Qatar,QA,qa_data_gov,,,2017.0,,Commercial,Omani
4176.0,QAR,Qatar,QA,qa_data_gov,,,2018.0,,Investment housing,Omani
32152.0,QAR,Qatar,QA,qa_data_gov,,,2018.0,,Private residential,Omani
,QAR,Qatar,QA,qa_data_gov,,,2020.0,,Administrative,Kuwaiti
3912.0,QAR,Qatar,QA,qa_data_gov,,,2019.0,,Commercial,Kuwaiti
23535.0,QAR,Qatar,QA,qa_data_gov,,,2018.0,,Private residential,Kuwaiti
8130.0,QAR,Qatar,QA,qa_data_gov,,,2019.0,,Other,Emirati
,QAR,Qatar,QA,qa_data_gov,,,2018.0,,Administrative,Emirati
,QAR,Qatar,QA,qa_data_gov,,,2018.0,,Administrative,Bahraini
,QAR,Qatar,QA,qa_data_gov,,,2017.0,,Administrative,Bahraini
960.0,QAR,Qatar,QA,qa_data_gov,,,2017.0,,Commercial,Bahraini
23448.0,QAR,Qatar,QA,qa_data_gov,,,2018.0,,Investment housing,Bahraini
21547.0,QAR,Qatar,QA,qa_data_gov,,,2017.0,,Private residential,Bahraini
1384.0,QAR,Qatar,QA,qa_data_gov,,,2020.0,,Administrative,Saudi
15259.0,QAR,Qatar,QA,qa_data_gov,,,2017.0,,Commercial,Saudi
4364.0,QAR,Qatar,QA,qa_data_gov,,,2019.0,,Investment housing,Saudi
,QAR,Qatar,QA,qa_data_gov,,,2020.0,,Investment housing,Omani
7266.0,QAR,Qatar,QA,qa_data_gov,,,2019.0,,Private residential,Omani
945.0,QAR,Qatar,QA,qa_data_gov,,,2018.0,,Other,Kuwaiti
174.0,QAR,Qatar,QA,qa_data_gov,,,2019.0,,Administrative,Kuwaiti
15262.0,QAR,Qatar,QA,qa_data_gov,,,2019.0,,Private residential,Kuwaiti
3355.0,QAR,Qatar,QA,qa_data_gov,,,2018.0,,Investment housing,Emirati
6660.0,QAR,Qatar,QA,qa_data_gov,,,2017.0,,Investment housing,Emirati
2571.0,QAR,Qatar,QA,qa_data_gov,,,2019.0,,Other,Bahraini
3910.0,QAR,Qatar,QA,qa_data_gov,,,2017.0,,Other,Bahraini
1960.0,QAR,Qatar,QA,qa_data_gov,,,2016.0,,Other,Bahraini
30686.0,QAR,Qatar,QA,qa_data_gov,,,2020.0,,Private residential,Bahraini
7044.0,QAR,Qatar,QA,qa_data_gov,,,2018.0,,Other,Saudi
86908.0,QAR,Qatar,QA,qa_data_gov,,,2017.0,,Other,Saudi
5292.0,QAR,Qatar,QA,qa_data_gov,,,2019.0,,Administrative,Saudi
1056.0,QAR,Qatar,QA,qa_data_gov,,,2017.0,,Administrative,Saudi
,QAR,Qatar,QA,qa_data_gov,,,2020.0,,Commercial,Saudi
5677.0,QAR,Qatar,QA,qa_data_gov,,,2019.0,,Other,Omani
,QAR,Qatar,QA,qa_data_gov,,,2017.0,,Other,Omani
,QAR,Qatar,QA,qa_data_gov,,,2017.0,,Investment housing,Omani
19549.0,QAR,Qatar,QA,qa_data_gov,,,2020.0,,Other,Kuwaiti
,QAR,Qatar,QA,qa_data_gov,,,2018.0,,Administrative,Kuwaiti
4026.0,QAR,Qatar,QA,qa_data_gov,,,2020.0,,Investment housing,Emirati
10918.0,QAR,Qatar,QA,qa_data_gov,,,2018.0,,Other,Emirati
6161.0,QAR,Qatar,QA,qa_data_gov,,,2016.0,,Administrative,Emirati
36288.0,QAR,Qatar,QA,qa_data_gov,,,2017.0,,Commercial,Emirati
11088.0,QAR,Qatar,QA,qa_data_gov,,,2019.0,,Private residential,Bahraini
13750.0,QAR,Qatar,QA,qa_data_gov,,,2020.0,,Other,Saudi
,QAR,Qatar,QA,qa_data_gov,,,2020.0,,Investment housing,Saudi
3330.0,QAR,Qatar,QA,qa_data_gov,,,2016.0,,Investment housing,Saudi
25991.0,QAR,Qatar,QA,qa_data_gov,,,2020.0,,Private residential,Saudi
,QAR,Qatar,QA,qa_data_gov,,,2019.0,,Investment housing,Omani
3726.0,QAR,Qatar,QA,qa_data_gov,,,2016.0,,Investment housing,Omani
,QAR,Qatar,QA,qa_data_gov,,,2017.0,,Administrative,Kuwaiti
,QAR,Qatar,QA,qa_data_gov,,,2016.0,,Administrative,Kuwaiti
6036.0,QAR,Qatar,QA,qa_data_gov,,,2020.0,,Commercial,Kuwaiti
26141.0,QAR,Qatar,QA,qa_data_gov,,,2020.0,,Private residential,Kuwaiti
7012.0,QAR,Qatar,QA,qa_data_gov,,,2020.0,,Commercial,Emirati
,QAR,Qatar,QA,qa_data_gov,,,2016.0,,Investment housing,Emirati
7991.0,QAR,Qatar,QA,qa_data_gov,,,2018.0,,Other,Bahraini
,QAR,Qatar,QA,qa_data_gov,,,2020.0,,Administrative,Bahraini
83927.0,QAR,Qatar,QA,qa_data_gov,,,2016.0,,Private residential,Saudi
,QAR,Qatar,QA,qa_data_gov,,,2016.0,,Administrative,Omani
5300.0,QAR,Qatar,QA,qa_data_gov,,,2016.0,,Private residential,Omani
945.0,QAR,Qatar,QA,qa_data_gov,,,2016.0,,Other,Kuwaiti
,QAR,Qatar,QA,qa_data_gov,,,2017.0,,Commercial,Kuwaiti
,QAR,Qatar,QA,qa_data_gov,,,2016.0,,Commercial,Kuwaiti
,QAR,Qatar,QA,qa_data_gov,,,2018.0,,Investment housing,Kuwaiti
4465.0,QAR,Qatar,QA,qa_data_gov,,,2020.0,,Administrative,Emirati
1062.0,QAR,Qatar,QA,qa_data_gov,,,2019.0,,Commercial,Emirati
646.0,QAR,Qatar,QA,qa_data_gov,,,2019.0,,Investment housing,Emirati
38527.0,QAR,Qatar,QA,qa_data_gov,,,2018.0,,Private residential,Emirati
,QAR,Qatar,QA,qa_data_gov,,,2020.0,,Investment housing,Bahraini
40195.0,QAR,Qatar,QA,qa_data_gov,,,2016.0,,Other,Saudi
6868.0,QAR,Qatar,QA,qa_data_gov,,,2019.0,,Commercial,Saudi
,QAR,Qatar,QA,qa_data_gov,,,2016.0,,Commercial,Saudi
1312.0,QAR,Qatar,QA,qa_data_gov,,,2017.0,,Investment housing,Saudi
55462.0,QAR,Qatar,QA,qa_data_gov,,,2019.0,,Private residential,Saudi
4355.0,QAR,Qatar,QA,qa_data_gov,,,2017.0,,Private residential,Omani
,QAR,Qatar,QA,qa_data_gov,,,2020.0,,Investment housing,Kuwaiti
,QAR,Qatar,QA,qa_data_gov,,,2016.0,,Investment housing,Kuwaiti
20688.0,QAR,Qatar,QA,qa_data_gov,,,2017.0,,Private residential,Kuwaiti
16589.0,QAR,Qatar,QA,qa_data_gov,,,2017.0,,Other,Emirati
43939.0,QAR,Qatar,QA,qa_data_gov,,,2016.0,,Other,Emirati
5277.0,QAR,Qatar,QA,qa_data_gov,,,2017.0,,Administrative,Emirati
3594.0,QAR,Qatar,QA,qa_data_gov,,,2018.0,,Commercial,Emirati
74694.0,QAR,Qatar,QA,qa_data_gov,,,2019.0,,Private residential,Emirati
968.0,QAR,Qatar,QA,qa_data_gov,,,2019.0,,Commercial,Bahraini
70.0,QAR,Qatar,QA,qa_data_gov,,,2018.0,,Commercial,Saudi
,QAR,Qatar,QA,qa_data_gov,,,2018.0,,Investment housing,Saudi
,QAR,Qatar,QA,qa_data_gov,,,2020.0,,Commercial,Omani
,QAR,Qatar,QA,qa_data_gov,,,2019.0,,Commercial,Omani
2481.0,QAR,Qatar,QA,qa_data_gov,,,2019.0,,Other,Kuwaiti
,QAR,Qatar,QA,qa_data_gov,,,2017.0,,Investment housing,Kuwaiti
15881.0,QAR,Qatar,QA,qa_data_gov,,,2016.0,,Private residential,Kuwaiti
,QAR,Qatar,QA,qa_data_gov,,,2017.0,,Investment housing,Bahraini
824.0,QAR,Qatar,QA,qa_data_gov,,,2018.0,,Administrative,Saudi
470.0,QAR,Qatar,QA,qa_data_gov,,,2016.0,,Administrative,Saudi
,QAR,Qatar,QA,qa_data_gov,,,2018.0,,Other,Omani
1388.0,QAR,Qatar,QA,qa_data_gov,,,2016.0,,Other,Omani
,QAR,Qatar,QA,qa_data_gov,,,2018.0,,Administrative,Omani
,QAR,Qatar,QA,qa_data_gov,,,2017.0,,Other,Kuwaiti
16395.0,QAR,Qatar,QA,qa_data_gov,,,2020.0,,Other,Emirati
66902.0,QAR,Qatar,QA,qa_data_gov,,,2020.0,,Private residential,Emirati
10000000.0,PKR,Pakistan,PK,pk_zameen,Islamabad,,,,Flat,
6900000.0,PKR,Pakistan,PK,pk_zameen,Islamabad,,,,Flat,
16500000.0,PKR,Pakistan,PK,pk_zameen,Islamabad,,,,House,
43500000.0,PKR,Pakistan,PK,pk_zameen,Islamabad,,,,House,
7000000.0,PKR,Pakistan,PK,pk_zameen,Islamabad,,,,House,
34500000.0,PKR,Pakistan,PK,pk_zameen,Islamabad,,,,House,
27000000.0,PKR,Pakistan,PK,pk_zameen,Islamabad,,,,House,
7800000.0,PKR,Pakistan,PK,pk_zameen,Islamabad,,,,Flat,
50000000.0,PKR,Pakistan,PK,pk_zameen,Islamabad,,,,House,
40000000.0,PKR,Pakistan,PK,pk_zameen,Islamabad,,,,Penthouse,
35000000.0,PKR,Pakistan,PK,pk_zameen,Islamabad,,,,Flat,
48000000.0,PKR,Pakistan,PK,pk_zameen,Islamabad,,,,Flat,
400000000.0,PKR,Pakistan,PK,pk_zameen,Islamabad,,,,House,
13500000.0,PKR,Pakistan,PK,pk_zameen,Islamabad,,,,Flat,
3600000.0,PKR,Pakistan,PK,pk_zameen,Islamabad,,,,Flat,
5000000.0,PKR,Pakistan,PK,pk_zameen,Islamabad,,,,Flat,
19000000.0,PKR,Pakistan,PK,pk_zameen,Islamabad,,,,House,
80000000.0,PKR,Pakistan,PK,pk_zameen,Islamabad,,,,House,
26900000.0,PKR,Pakistan,PK,pk_zameen,Islamabad,,,,House,
1750000.0,PKR,Pakistan,PK,pk_zameen,Islamabad,,,,Flat,
55000000.0,PKR,Pakistan,PK,pk_zameen,Islamabad,,,,House,
4500000.0,PKR,Pakistan,PK,pk_zameen,Islamabad,,,,House,
88500000.0,PKR,Pakistan,PK,pk_zameen,Islamabad,,,,Farm House,
47000000.0,PKR,Pakistan,PK,pk_zameen,Islamabad,,,,Flat,
4500000.0,PKR,Pakistan,PK,pk_zameen,Islamabad,,,,House,
6800000.0,PKR,Pakistan,PK,pk_zameen,Islamabad,,,,House,
20000000.0,PKR,Pakistan,PK,pk_zameen,Islamabad,,,,House,
19400000.0,PKR,Pakistan,PK,pk_zameen,Islamabad,,,,Flat,
100000000.0,PKR,Pakistan,PK,pk_zameen,Islamabad,,,,House,
8000000.0,PKR,Pakistan,PK,pk_zameen,Islamabad,,,,Flat,
6300000.0,PKR,Pakistan,PK,pk_zameen,Islamabad,,,,Flat,
220000000.0,PKR,Pakistan,PK,pk_zameen,Islamabad,,,,House,
4500000.0,PKR,Pakistan,PK,pk_zameen,Islamabad,,,,House,
12500000.0,PKR,Pakistan,PK,pk_zameen,Islamabad,,,,House,
230000000.0,PKR,Pakistan,PK,pk_zameen,Islamabad,,,,House,
110000.0,PKR,Pakistan,PK,pk_zameen,Islamabad,,,,House,
600000.0,PKR,Pakistan,PK,pk_zameen,Islamabad,,,,House,
33000.0,PKR,Pakistan,PK,pk_zameen,Islamabad,,,,Lower Portion,
45000.0,PKR,Pakistan,PK,pk_zameen,Islamabad,,,,House,
12000.0,PKR,Pakistan,PK,pk_zameen,Islamabad,,,,Upper Portion,
175000.0,PKR,Pakistan,PK,pk_zameen,Islamabad,,,,House,
17000.0,PKR,Pakistan,PK,pk_zameen,Islamabad,,,,Lower Portion,
1022000.0,PKR,Pakistan,PK,pk_zameen,Islamabad,,,,House,
900000.0,PKR,Pakistan,PK,pk_zameen,Islamabad,,,,House,
200000.0,PKR,Pakistan,PK,pk_zameen,Islamabad,,,,Lower Portion,
265000.0,PKR,Pakistan,PK,pk_zameen,Islamabad,,,,House,
60000.0,PKR,Pakistan,PK,pk_zameen,Islamabad,,,,Lower Portion,
220000000.0,PKR,Pakistan,PK,pk_zameen,Lahore,,,,House,
40000000.0,PKR,Pakistan,PK,pk_zameen,Lahore,,,,House,
9500000.0,PKR,Pakistan,PK,pk_zameen,Lahore,,,,House,
125000000.0,PKR,Pakistan,PK,pk_zameen,Lahore,,,,House,
21000000.0,PKR,Pakistan,PK,pk_zameen,Lahore,,,,House,
52000000.0,PKR,Pakistan,PK,pk_zameen,Lahore,,,,House,
16500000.0,PKR,Pakistan,PK,pk_zameen,Lahore,,,,House,
32500000.0,PKR,Pakistan,PK,pk_zameen,Lahore,,,,House,
31500000.0,PKR,Pakistan,PK,pk_zameen,Lahore,,,,House,
40000000.0,PKR,Pakistan,PK,pk_zameen,Lahore,,,,House,
13500000.0,PKR,Pakistan,PK,pk_zameen,Lahore,,,,House,
87500000.0,PKR,Pakistan,PK,pk_zameen,Lahore,,,,House,
16500000.0,PKR,Pakistan,PK,pk_zameen,Lahore,,,,House,
18500000.0,PKR,Pakistan,PK,pk_zameen,Lahore,,,,House,
23500000.0,PKR,Pakistan,PK,pk_zameen,Lahore,,,,House,
22500000.0,PKR,Pakistan,PK,pk_zameen,Lahore,,,,House,
50000000.0,PKR,Pakistan,PK,pk_zameen,Lahore,,,,House,
39500000.0,PKR,Pakistan,PK,pk_zameen,Lahore,,,,House,
27500000.0,PKR,Pakistan,PK,pk_zameen,Lahore,,,,House,
40000000.0,PKR,Pakistan,PK,pk_zameen,Lahore,,,,House,
45000000.0,PKR,Pakistan,PK,pk_zameen,Lahore,,,,House,
3200000.0,PKR,Pakistan,PK,pk_zameen,Lahore,,,,House,
21200000.0,PKR,Pakistan,PK,pk_zameen,Lahore,,,,House,
23000000.0,PKR,Pakistan,PK,pk_zameen,Lahore,,,,House,
21500000.0,PKR,Pakistan,PK,pk_zameen,Lahore,,,,House,
21500000.0,PKR,Pakistan,PK,pk_zameen,Lahore,,,,House,
40000000.0,PKR,Pakistan,PK,pk_zameen,Lahore,,,,House,
26000000.0,PKR,Pakistan,PK,pk_zameen,Lahore,,,,House,
21000000.0,PKR,Pakistan,PK,pk_zameen,Lahore,,,,House,
23000000.0,PKR,Pakistan,PK,pk_zameen,Lahore,,,,House,
23000000.0,PKR,Pakistan,PK,pk_zameen,Lahore,,,,House,
57500000.0,PKR,Pakistan,PK,pk_zameen,Lahore,,,,House,
620000000.0,PKR,Pakistan,PK,pk_zameen,Lahore,,,,House,
5500000.0,PKR,Pakistan,PK,pk_zameen,Lahore,,,,House,
50000000.0,PKR,Pakistan,PK,pk_zameen,Lahore,,,,House,
12000000.0,PKR,Pakistan,PK,pk_zameen,Lahore,,,,House,
65000000.0,PKR,Pakistan,PK,pk_zameen,Lahore,,,,House,
1250000000.0,PKR,Pakistan,PK,pk_zameen,Lahore,,,,House,
42500000.0,PKR,Pakistan,PK,pk_zameen,Lahore,,,,House,
66500000.0,PKR,Pakistan,PK,pk_zameen,Lahore,,,,House,
12000000.0,PKR,Pakistan,PK,pk_zameen,Lahore,,,,House,
40000000.0,PKR,Pakistan,PK,pk_zameen,Lahore,,,,House,
180000000.0,PKR,Pakistan,PK,pk_zameen,Lahore,,,,House,
17000000.0,PKR,Pakistan,PK,pk_zameen,Lahore,,,,House,
47500000.0,PKR,Pakistan,PK,pk_zameen,Lahore,,,,House,
17000000.0,PKR,Pakistan,PK,pk_zameen,Lahore,,,,House,
25000000.0,PKR,Pakistan,PK,pk_zameen,Lahore,,,,House,
8500000.0,PKR,Pakistan,PK,pk_zameen,Faisalabad,,,,House,
25000000.0,PKR,Pakistan,PK,pk_zameen,Faisalabad,,,,House,
6000000.0,PKR,Pakistan,PK,pk_zameen,Faisalabad,,,,House,
60000000.0,PKR,Pakistan,PK,pk_zameen,Faisalabad,,,,House,
13500000.0,PKR,Pakistan,PK,pk_zameen,Rawalpindi,,,,House,
31500000.0,PKR,Pakistan,PK,pk_zameen,Rawalpindi,,,,House,
23000000.0,PKR,Pakistan,PK,pk_zameen,Rawalpindi,,,,House,
9990000.0,PKR,Pakistan,PK,pk_zameen,Rawalpindi,,,,House,
22500000.0,PKR,Pakistan,PK,pk_zameen,Rawalpindi,,,,House,
40000000.0,PKR,Pakistan,PK,pk_zameen,Rawalpindi,,,,House,
9000000.0,PKR,Pakistan,PK,pk_zameen,Rawalpindi,,,,House,
12800000.0,PKR,Pakistan,PK,pk_zameen,Rawalpindi,,,,House,
37000000.0,PKR,Pakistan,PK,pk_zameen,Rawalpindi,,,,House,
23000000.0,PKR,Pakistan,PK,pk_zameen,Rawalpindi,,,,House,
39500000.0,PKR,Pakistan,PK,pk_zameen,Rawalpindi,,,,House,
21000000.0,PKR,Pakistan,PK,pk_zameen,Rawalpindi,,,,House,
37000000.0,PKR,Pakistan,PK,pk_zameen,Rawalpindi,,,,House,
37000000.0,PKR,Pakistan,PK,pk_zameen,Rawalpindi,,,,House,
37500000.0,PKR,Pakistan,PK,pk_zameen,Rawalpindi,,,,House,
4800000.0,PKR,Pakistan,PK,pk_zameen,Rawalpindi,,,,Flat,
35000000.0,PKR,Pakistan,PK,pk_zameen,Rawalpindi,,,,House,
25000000.0,PKR,Pakistan,PK,pk_zameen,Rawalpindi,,,,Penthouse,
7500000.0,PKR,Pakistan,PK,pk_zameen,Rawalpindi,,,,Flat,
12800000.0,PKR,Pakistan,PK,pk_zameen,Rawalpindi,,,,House,
5000000.0,PKR,Pakistan,PK,pk_zameen,Rawalpindi,,,,House,
22000000.0,PKR,Pakistan,PK,pk_zameen,Rawalpindi,,,,House,
38000000.0,PKR,Pakistan,PK,pk_zameen,Rawalpindi,,,,House,
18000000.0,PKR,Pakistan,PK,pk_zameen,Rawalpindi,,,,House,
25000000.0,PKR,Pakistan,PK,pk_zameen,Rawalpindi,,,,House,
30000000.0,PKR,Pakistan,PK,pk_zameen,Rawalpindi,,,,House,
23000000.0,PKR,Pakistan,PK,pk_zameen,Rawalpindi,,,,House,
30000000.0,PKR,Pakistan,PK,pk_zameen,Rawalpindi,,,,House,
32000000.0,PKR,Pakistan,PK,pk_zameen,Rawalpindi,,,,House,
40000000.0,PKR,Pakistan,PK,pk_zameen,Rawalpindi,,,,House,
25000000.0,PKR,Pakistan,PK,pk_zameen,Rawalpindi,,,,House,
6000000.0,PKR,Pakistan,PK,pk_zameen,Rawalpindi,,,,House,
23800000.0,PKR,Pakistan,PK,pk_zameen,Rawalpindi,,,,House,
28000000.0,PKR,Pakistan,PK,pk_zameen,Rawalpindi,,,,House,
5300000.0,PKR,Pakistan,PK,pk_zameen,Rawalpindi,,,,House,
19900000.0,PKR,Pakistan,PK,pk_zameen,Rawalpindi,,,,House,
15000000.0,PKR,Pakistan,PK,pk_zameen,Rawalpindi,,,,House,
18000000.0,PKR,Pakistan,PK,pk_zameen,Rawalpindi,,,,House,
24500000.0,PKR,Pakistan,PK,pk_zameen,Rawalpindi,,,,House,
27000000.0,PKR,Pakistan,PK,pk_zameen,Rawalpindi,,,,House,
18000000.0,PKR,Pakistan,PK,pk_zameen,Rawalpindi,,,,House,
250000.0,PKR,Pakistan,PK,pk_zameen,Faisalabad,,,,House,
200000.0,PKR,Pakistan,PK,pk_zameen,Rawalpindi,,,,House,
125000.0,PKR,Pakistan,PK,pk_zameen,Rawalpindi,,,,House,
33000.0,PKR,Pakistan,PK,pk_zameen,Rawalpindi,,,,Upper Portion,
110000.0,PKR,Pakistan,PK,pk_zameen,Rawalpindi,,,,House,
60000.0,PKR,Pakistan,PK,pk_zameen,Rawalpindi,,,,House,
50000.0,PKR,Pakistan,PK,pk_zameen,Rawalpindi,,,,Upper Portion,
70000.0,PKR,Pakistan,PK,pk_zameen,Rawalpindi,,,,House,
22000.0,PKR,Pakistan,PK,pk_zameen,Rawalpindi,,,,Flat,
71000.0,PKR,Pakistan,PK,pk_zameen,Rawalpindi,,,,House,
35000.0,PKR,Pakistan,PK,pk_zameen,Rawalpindi,,,,Flat,
48000.0,PKR,Pakistan,PK,pk_zameen,Rawalpindi,,,,Upper Portion,
50000.0,PKR,Pakistan,PK,pk_zameen,Rawalpindi,,,,Upper Portion,
30000.0,PKR,Pakistan,PK,pk_zameen,Rawalpindi,,,,Flat,
25000.0,PKR,Pakistan,PK,pk_zameen,Rawalpindi,,,,Flat,
50000.0,PKR,Pakistan,PK,pk_zameen,Rawalpindi,,,,House,
48000.0,PKR,Pakistan,PK,pk_zameen,Rawalpindi,,,,House,
450000000.0,PKR,Pakistan,PK,pk_zameen,Karachi,,,,House,
35000000.0,PKR,Pakistan,PK,pk_zameen,Karachi,,,,House,
21000000.0,PKR,Pakistan,PK,pk_zameen,Karachi,,,,Flat,
6500000.0,PKR,Pakistan,PK,pk_zameen,Karachi,,,,House,
13000000.0,PKR,Pakistan,PK,pk_zameen,Karachi,,,,House,
32000000.0,PKR,Pakistan,PK,pk_zameen,Karachi,,,,House,
4000000.0,PKR,Pakistan,PK,pk_zameen,Karachi,,,,House,
16500000.0,PKR,Pakistan,PK,pk_zameen,Karachi,,,,Flat,
110000000.0,PKR,Pakistan,PK,pk_zameen,Karachi,,,,House,
12800000.0,PKR,Pakistan,PK,pk_zameen,Karachi,,,,House,
30000000.0,PKR,Pakistan,PK,pk_zameen,Karachi,,,,Flat,
34000000.0,PKR,Pakistan,PK,pk_zameen,Karachi,,,,Flat,
29500000.0,PKR,Pakistan,PK,pk_zameen,Karachi,,,,Flat,
30000000.0,PKR,Pakistan,PK,pk_zameen,Karachi,,,,Flat,
37500000.0,PKR,Pakistan,PK,pk_zameen,Karachi,,,,Flat,
45000000.0,PKR,Pakistan,PK,pk_zameen,Karachi,,,,Flat,
17000000.0,PKR,Pakistan,PK,pk_zameen,Karachi,,,,House,
12500000.0,PKR,Pakistan,PK,pk_zameen,Karachi,,,,Flat,
5000000.0,PKR,Pakistan,PK,pk_zameen,Karachi,,,,Flat,
4100000.0,PKR,Pakistan,PK,pk_zameen,Karachi,,,,Flat,
40000000.0,PKR,Pakistan,PK,pk_zameen,Karachi,,,,House,
28000000.0,PKR,Pakistan,PK,pk_zameen,Karachi,,,,Flat,
32500000.0,PKR,Pakistan,PK,pk_zameen,Karachi,,,,Flat,
40000000.0,PKR,Pakistan,PK,pk_zameen,Karachi,,,,Flat,
59500000.0,PKR,Pakistan,PK,pk_zameen,Karachi,,,,House,
71500000.0,PKR,Pakistan,PK,pk_zameen,Karachi,,,,House,
55000000.0,PKR,Pakistan,PK,pk_zameen,Karachi,,,,House,
59500000.0,PKR,Pakistan,PK,pk_zameen,Karachi,,,,House,
68500000.0,PKR,Pakistan,PK,pk_zameen,Karachi,,,,House,
58500000.0,PKR,Pakistan,PK,pk_zameen,Karachi,,,,House,
67000000.0,PKR,Pakistan,PK,pk_zameen,Karachi,,,,House,
120000000.0,PKR,Pakistan,PK,pk_zameen,Karachi,,,,House,
58500000.0,PKR,Pakistan,PK,pk_zameen,Karachi,,,,House,
58000000.0,PKR,Pakistan,PK,pk_zameen,Karachi,,,,House,
110000000.0,PKR,Pakistan,PK,pk_zameen,Karachi,,,,House,
119000000.0,PKR,Pakistan,PK,pk_zameen,Karachi,,,,House,
115000000.0,PKR,Pakistan,PK,pk_zameen,Karachi,,,,House,
59500000.0,PKR,Pakistan,PK,pk_zameen,Karachi,,,,House,
19000000.0,PKR,Pakistan,PK,pk_zameen,Karachi,,,,House,
7550000.0,PKR,Pakistan,PK,pk_zameen,Karachi,,,,Flat,
91500000.0,PKR,Pakistan,PK,pk_zameen,Karachi,,,,House,
4500000.0,PKR,Pakistan,PK,pk_zameen,Karachi,,,,Flat,
6900000.0,PKR,Pakistan,PK,pk_zameen,Karachi,,,,Flat,
4500000.0,PKR,Pakistan,PK,pk_zameen,Karachi,,,,Flat,
